Workbook

Sheet Dashboard
A1: STUDENT PERFORMANCE ANALYSIS
A2: Excel Data Analysis Project
A4: Total Students | B4: =COUNTA(Sheet1!A2:A101) -> 100
A5: Average Score | B5: =AVERAGE(Sheet1!H2:H101) -> 77.2337
A6: Pass Students | B6: =COUNTIF(Sheet1!I2:I101,"Pass") -> 100
A7: Pass Percentage | B7: =COUNTIF(Sheet1!I2:I101,"Pass")/COUNTA(Sheet1!A2:A101) -> 1

Sheet Course Analysis
A3: Row Labels | B3: Average of Total_Score | C3: Count of Student_ID
A4: Business Administration | B4: 70.8335 | C4: 20
A5: Commerce | B5: 72.0325 | C5: 20
A6: Computer Science | B6: 82.3665 | C6: 20
A7: Data Science | B7: 81.918 | C7: 20
A8: Information Technology | B8: 79.018 | C8: 20
A9: Grand Total | B9: 77.2337 | C9: 100
A20: Result | B20: Number of Students
A21: Pass | B21: =COUNTIF(Sheet1!I2:I101,"Pass") -> 100
A22: Fail | B22: =COUNTIF(Sheet1!I2:I101,"Fail") -> 0

Sheet Sheet1
A1: Student_ID | B1: Gender | C1: Course | D1: Attendance | E1: Assignment_Score | F1: Midterm_Score | G1: Final_Score | H1: Total_Score | I1: Result
A2: S008 | B2: Male | C2: Data Science | D2: 61 | E2: 52 | F2: 48 | G2: 55 | H2: =ROUND(AVERAGE(E2:G2),2) -> 51.67 | I2: =IF(H2>=50,"Pass","Fail") -> Pass
A3: S050 | B3: Male | C3: Business Administration | D3: 60 | E3: 51 | F3: 55 | G3: 53 | H3: =ROUND(AVERAGE(E3:G3),2) -> 53 | I3: =IF(H3>=50,"Pass","Fail") -> Pass
A4: S034 | B4: Male | C4: Commerce | D4: 62 | E4: 54 | F4: 56 | G4: 52 | H4: =ROUND(AVERAGE(E4:G4),2) -> 54 | I4: =IF(H4>=50,"Pass","Fail") -> Pass
A5: S020 | B5: Male | C5: Business Administration | D5: 63 | E5: 55 | F5: 52 | G5: 58 | H5: =ROUND(AVERAGE(E5:G5),2) -> 55 | I5: =IF(H5>=50,"Pass","Fail") -> Pass
A6: S070 | B6: Male | C6: Business Administration | D6: 61 | E6: 53 | F6: 57 | G6: 55 | H6: =ROUND(AVERAGE(E6:G6),2) -> 55 | I6: =IF(H6>=50,"Pass","Fail") -> Pass
A7: S090 | B7: Male | C7: Business Administration | D7: 63 | E7: 55 | F7: 58 | G7: 57 | H7: =ROUND(AVERAGE(E7:G7),2) -> 56.67 | I7: =IF(H7>=50,"Pass","Fail") -> Pass
A8: S100 | B8: Male | C8: Business Administration | D8: 65 | E8: 57 | F8: 60 | G8: 56 | H8: =ROUND(AVERAGE(E8:G8),2) -> 57.67 | I8: =IF(H8>=50,"Pass","Fail") -> Pass
A9: S004 | B9: Male | C9: Commerce | D9: 67 | E9: 58 | F9: 62 | G9: 55 | H9: =ROUND(AVERAGE(E9:G9),2) -> 58.33 | I9: =IF(H9>=50,"Pass","Fail") -> Pass
A10: S040 | B10: Male | C10: Business Administration | D10: 65 | E10: 58 | F10: 60 | G10: 57 | H10: =ROUND(AVERAGE(E10:G10),2) -> 58.33 | I10: =IF(H10>=50,"Pass","Fail") -> Pass
A11: S060 | B11: Male | C11: Business Administration | D11: 64 | E11: 56 | F11: 59 | G11: 61 | H11: =ROUND(AVERAGE(E11:G11),2) -> 58.67 | I11: =IF(H11>=50,"Pass","Fail") -> Pass
A12: S012 | B12: Male | C12: Computer Science | D12: 64 | E12: 57 | F12: 61 | G12: 59 | H12: =ROUND(AVERAGE(E12:G12),2) -> 59 | I12: =IF(H12>=50,"Pass","Fail") -> Pass
A13: S064 | B13: Male | C13: Commerce | D13: 67 | E13: 59 | F13: 61 | G13: 58 | H13: =ROUND(AVERAGE(E13:G13),2) -> 59.33 | I13: =IF(H13>=50,"Pass","Fail") -> Pass
... A101: S053 | B101: Female | C101: Data Science | D101: 99 | E101: 96 | F101: 95 | G101: 98 | H101: =ROUND(AVERAGE(E101:G101),2) -> 96.33 | I101: =IF(H101>=50,"Pass","Fail") -> Pass

Sheet Sheet2
A1: Metric | B1: Value
A2: Average Assignment Score | B2: =AVERAGE(Sheet1!E2:E101) -> 76.04
A3: Average Midterm Score | B3: =AVERAGE(Sheet1!F2:F101) -> 76.91
A4: Average Final Score | B4: =AVERAGE(Sheet1!G2:G101) -> 78.75
A5: Average Overall Score | B5: =AVERAGE(Sheet1!H2:H101) -> 77.2337
A6: Highest Overall Score | B6: =MAX(Sheet1!H2:H101) -> 96.33
A7: Lowest Overall Score | B7: =MIN(Sheet1!H2:H101) -> 51.67
A8: Pass Students | B8: =COUNTIF(Sheet1!I2:I101,"Pass") -> 100
A9: Fail Students | B9: =COUNTIF(Sheet1!I101,"Fail") -> 0
A10: Pass Percentage | B10: =B8/(B8+B9) -> 1
